<application>
  <component name="ProjectManager">
    <defaultProject>
      <component name="PropertiesComponent">
        <property name="settings.editor.selected.configurable" value="PyConsoleConfigurable.Python Console" />
      </component>
      <component name="PyConsoleOptionsProvider">
        <option name="myPythonConsoleState">
          <console-settings is-module-sdk="true">
            <envs>
              <env key="LD_LIBRARY_PATH" value="/usr/local/cuda-10.0/lib64/" />
            </envs>
            <option name="myUseModuleSdk" value="true" />
            <option name="myEnvs">
              <map>
                <entry key="LD_LIBRARY_PATH" value="/usr/local/cuda-10.0/lib64/" />
              </map>
            </option>
          </console-settings>
        </option>
      </component>
    </defaultProject>
  </component>
</application>